{"_step":100,"train/loss":0.9038,"train/global_step":100,"_wandb":{"runtime":178},"train/epoch":0.29411764705882354,"train_steps_per_second":0.628,"total_flos":9.089653466185728e+15,"_timestamp":1.7687946999920802e+09,"train/learning_rate":2.105263157894737e-06,"train_samples_per_second":10.043,"train_runtime":159.3129,"_runtime":178,"train/grad_norm":0.47499319911003113,"train_loss":1.1445296013355255}